<?xml version="1.0" encoding="utf-8" ?><dwsync><file name="plugin-metrics.js" server="Macintosh HD/Users/bessghaiernarjess/Documents/Master-Thesis-2017/Plugin-Developement/Master-Site/" local="3577537893" remote="-5152528912605190811" Dst="-1" /><file name="plugin-parser.js" server="Macintosh HD/Users/bessghaiernarjess/Documents/Master-Thesis-2017/Plugin-Developement/Master-Site/" local="3578326550" remote="-5152528912604402154" Dst="-1" /><file name="plugin-defects.js" server="Macintosh HD/Users/bessghaiernarjess/Documents/Master-Thesis-2017/Plugin-Developement/Master-Site/" local="3577701385" remote="-5152528912605027319" Dst="-1" /><file name="metrics.js" server="Macintosh HD/Applications/MAMP/htdocs/master-site/" local="3577508756" remote="3577508756" Dst="-1" /><file name="div-counter.js" server="Macintosh HD/Applications/MAMP/htdocs/master-site/" local="3577701654" remote="3577701654" Dst="-1" /><file name="AddRow.js" server="Macintosh HD/Applications/MAMP/htdocs/master-site/" local="3577702567" remote="3577702567" Dst="-1" /><file name="div.js" server="Macintosh HD/Applications/MAMP/htdocs/master-site/" local="3577508882" remote="3577508882" Dst="-1" /><file name="plugin-metrics.js" server="Macintosh HD/Applications/MAMP/htdocs/master-site/" local="3577537893" remote="-8125620276940708507" Dst="-1" /><file name="plugin-parser.js" server="Macintosh HD/Applications/MAMP/htdocs/master-site/" local="3578326550" remote="-4932939054509920746" Dst="-1" /><file name="plugin-defects.js" server="Macintosh HD/Applications/MAMP/htdocs/master-site/" local="3577701385" remote="-8107656163908164599" Dst="-1" /><file name=".DS_Store" server="Macintosh HD/Users/bessghaiernarjess/Master-site/www/" local="3577718722" remote="-4611784197802055742" Dst="-1" /><file name="AddRow.js" server="Macintosh HD/Users/bessghaiernarjess/Master-site/www/" local="3577702567" remote="-4611784197802071897" Dst="-1" /><file name="div-counter.js" server="Macintosh HD/Users/bessghaiernarjess/Master-site/www/" local="3577701654" remote="-4611784197802072810" Dst="-1" /><file name="div.js" server="Macintosh HD/Users/bessghaiernarjess/Master-site/www/" local="3577508882" remote="-4611784197802265582" Dst="-1" /><file name="metrics.js" server="Macintosh HD/Users/bessghaiernarjess/Master-site/www/" local="3577508756" remote="-4611784197802265708" Dst="-1" /><file name="plugin-defects.js" server="Macintosh HD/Users/bessghaiernarjess/Master-site/www/" local="3577701385" remote="-4611784197802073079" Dst="-1" /><file name="plugin-metrics.js" server="Macintosh HD/Users/bessghaiernarjess/Master-site/www/" local="3577537893" remote="-4611784197802236571" Dst="-1" /><file name="plugin-parser.js" server="Macintosh HD/Users/bessghaiernarjess/Master-site/www/" local="3578326550" remote="-4611784197801447914" Dst="-1" /><file name=".DS_Store" server="Macintosh HD/Users/bessghaiernarjess/Sites/www/plugin-site/" local="3577718722" remote="-4611784197802055742" Dst="-1" /><file name="AddRow.js" server="Macintosh HD/Users/bessghaiernarjess/Sites/www/plugin-site/" local="3577702567" remote="-4611784197802071897" Dst="-1" /><file name="div-counter.js" server="Macintosh HD/Users/bessghaiernarjess/Sites/www/plugin-site/" local="3577701654" remote="-4611784197802072810" Dst="-1" /><file name="div.js" server="Macintosh HD/Users/bessghaiernarjess/Sites/www/plugin-site/" local="3577508882" remote="-4611784197802265582" Dst="-1" /><file name="metrics.js" server="Macintosh HD/Users/bessghaiernarjess/Sites/www/plugin-site/" local="3577508756" remote="-4611784197802265708" Dst="-1" /><file name="plugin-defects.js" server="Macintosh HD/Users/bessghaiernarjess/Sites/www/plugin-site/" local="3577701385" remote="-4611784197802073079" Dst="-1" /><file name="plugin-metrics.js" server="Macintosh HD/Users/bessghaiernarjess/Sites/www/plugin-site/" local="3577537893" remote="-4611784197802236571" Dst="-1" /><file name="plugin-parser.js" server="Macintosh HD/Users/bessghaiernarjess/Sites/www/plugin-site/" local="3578326550" remote="-4611784197801447914" Dst="-1" /></dwsync>