<?xml version="1.0" encoding="utf-8" ?><dwsync><file name="Roboto-Thin.eot" server="Macintosh HD/Users/bessghaiernarjess/Documents/Master-Thesis-2017/Plugin-Developement/Master-Site/" local="3577254692" remote="-5097170031155309788" Dst="-1" /><file name="Roboto-Thin.woff2" server="Macintosh HD/Users/bessghaiernarjess/Documents/Master-Thesis-2017/Plugin-Developement/Master-Site/" local="3577254692" remote="-5097170031155309788" Dst="-1" /><file name="Roboto-Thin.woff" server="Macintosh HD/Users/bessghaiernarjess/Documents/Master-Thesis-2017/Plugin-Developement/Master-Site/" local="3577254692" remote="-5097170031155309788" Dst="-1" /><file name="Roboto-Thin.ttf" server="Macintosh HD/Users/bessghaiernarjess/Documents/Master-Thesis-2017/Plugin-Developement/Master-Site/" local="3577254692" remote="-5097170031155309788" Dst="-1" /><file name="Roboto-Light.eot" server="Macintosh HD/Users/bessghaiernarjess/Documents/Master-Thesis-2017/Plugin-Developement/Master-Site/" local="3577254691" remote="-5097170031155309789" Dst="-1" /><file name="Roboto-Light.woff2" server="Macintosh HD/Users/bessghaiernarjess/Documents/Master-Thesis-2017/Plugin-Developement/Master-Site/" local="3577254692" remote="-5097170031155309788" Dst="-1" /><file name="Roboto-Light.woff" server="Macintosh HD/Users/bessghaiernarjess/Documents/Master-Thesis-2017/Plugin-Developement/Master-Site/" local="3577254692" remote="-5097170031155309788" Dst="-1" /><file name="Roboto-Light.ttf" server="Macintosh HD/Users/bessghaiernarjess/Documents/Master-Thesis-2017/Plugin-Developement/Master-Site/" local="3577254691" remote="-5097170031155309789" Dst="-1" /><file name="Roboto-Regular.eot" server="Macintosh HD/Users/bessghaiernarjess/Documents/Master-Thesis-2017/Plugin-Developement/Master-Site/" local="3577254692" remote="-5097170031155309788" Dst="-1" /><file name="Roboto-Regular.woff2" server="Macintosh HD/Users/bessghaiernarjess/Documents/Master-Thesis-2017/Plugin-Developement/Master-Site/" local="3577254692" remote="-5097170031155309788" Dst="-1" /><file name="Roboto-Regular.woff" server="Macintosh HD/Users/bessghaiernarjess/Documents/Master-Thesis-2017/Plugin-Developement/Master-Site/" local="3577254692" remote="-5097170031155309788" Dst="-1" /><file name="Roboto-Regular.ttf" server="Macintosh HD/Users/bessghaiernarjess/Documents/Master-Thesis-2017/Plugin-Developement/Master-Site/" local="3577254692" remote="-5097170031155309788" Dst="-1" /><file name="Roboto-Medium.eot" server="Macintosh HD/Users/bessghaiernarjess/Documents/Master-Thesis-2017/Plugin-Developement/Master-Site/" local="3577254692" remote="-5097170031155309788" Dst="-1" /><file name="Roboto-Medium.woff2" server="Macintosh HD/Users/bessghaiernarjess/Documents/Master-Thesis-2017/Plugin-Developement/Master-Site/" local="3577254692" remote="-5097170031155309788" Dst="-1" /><file name="Roboto-Medium.woff" server="Macintosh HD/Users/bessghaiernarjess/Documents/Master-Thesis-2017/Plugin-Developement/Master-Site/" local="3577254692" remote="-5097170031155309788" Dst="-1" /><file name="Roboto-Medium.ttf" server="Macintosh HD/Users/bessghaiernarjess/Documents/Master-Thesis-2017/Plugin-Developement/Master-Site/" local="3577254692" remote="-5097170031155309788" Dst="-1" /><file name="Roboto-Bold.eot" server="Macintosh HD/Users/bessghaiernarjess/Documents/Master-Thesis-2017/Plugin-Developement/Master-Site/" local="3577254691" remote="-5097170031155309789" Dst="-1" /><file name="Roboto-Bold.woff2" server="Macintosh HD/Users/bessghaiernarjess/Documents/Master-Thesis-2017/Plugin-Developement/Master-Site/" local="3577254691" remote="-5097170031155309789" Dst="-1" /><file name="Roboto-Bold.woff" server="Macintosh HD/Users/bessghaiernarjess/Documents/Master-Thesis-2017/Plugin-Developement/Master-Site/" local="3577254691" remote="-5097170031155309789" Dst="-1" /><file name="Roboto-Bold.ttf" server="Macintosh HD/Users/bessghaiernarjess/Documents/Master-Thesis-2017/Plugin-Developement/Master-Site/" local="3577254691" remote="-5097170031155309789" Dst="-1" /><file name="Roboto-Bold.ttf" server="Macintosh HD/Applications/MAMP/htdocs/master-site/" local="3577254691" remote="3577254691" Dst="-1" /><file name="Roboto-Thin.ttf" server="Macintosh HD/Applications/MAMP/htdocs/master-site/" local="3577254692" remote="3577254692" Dst="-1" /><file name="Roboto-Medium.ttf" server="Macintosh HD/Applications/MAMP/htdocs/master-site/" local="3577254692" remote="3577254692" Dst="-1" /><file name="Roboto-Light.ttf" server="Macintosh HD/Applications/MAMP/htdocs/master-site/" local="3577254691" remote="3577254691" Dst="-1" /><file name="Roboto-Regular.ttf" server="Macintosh HD/Applications/MAMP/htdocs/master-site/" local="3577254692" remote="3577254692" Dst="-1" /><file name="Roboto-Medium.woff" server="Macintosh HD/Applications/MAMP/htdocs/master-site/" local="3577254692" remote="3577254692" Dst="-1" /><file name="Roboto-Bold.woff" server="Macintosh HD/Applications/MAMP/htdocs/master-site/" local="3577254691" remote="3577254691" Dst="-1" /><file name="Roboto-Light.woff" server="Macintosh HD/Applications/MAMP/htdocs/master-site/" local="3577254692" remote="3577254692" Dst="-1" /><file name="Roboto-Regular.woff" server="Macintosh HD/Applications/MAMP/htdocs/master-site/" local="3577254692" remote="3577254692" Dst="-1" /><file name="Roboto-Thin.woff" server="Macintosh HD/Applications/MAMP/htdocs/master-site/" local="3577254692" remote="3577254692" Dst="-1" /><file name="Roboto-Medium.woff2" server="Macintosh HD/Applications/MAMP/htdocs/master-site/" local="3577254692" remote="3577254692" Dst="-1" /><file name="Roboto-Bold.woff2" server="Macintosh HD/Applications/MAMP/htdocs/master-site/" local="3577254691" remote="3577254691" Dst="-1" /><file name="Roboto-Light.woff2" server="Macintosh HD/Applications/MAMP/htdocs/master-site/" local="3577254692" remote="3577254692" Dst="-1" /><file name="Roboto-Regular.woff2" server="Macintosh HD/Applications/MAMP/htdocs/master-site/" local="3577254692" remote="3577254692" Dst="-1" /><file name="Roboto-Thin.woff2" server="Macintosh HD/Applications/MAMP/htdocs/master-site/" local="3577254692" remote="3577254692" Dst="-1" /><file name="Roboto-Thin.eot" server="Macintosh HD/Applications/MAMP/htdocs/master-site/" local="3577254692" remote="3577254692" Dst="-1" /><file name="Roboto-Medium.eot" server="Macintosh HD/Applications/MAMP/htdocs/master-site/" local="3577254692" remote="3577254692" Dst="-1" /><file name="Roboto-Regular.eot" server="Macintosh HD/Applications/MAMP/htdocs/master-site/" local="3577254692" remote="3577254692" Dst="-1" /><file name="Roboto-Bold.eot" server="Macintosh HD/Applications/MAMP/htdocs/master-site/" local="3577254691" remote="3577254691" Dst="-1" /><file name="Roboto-Light.eot" server="Macintosh HD/Applications/MAMP/htdocs/master-site/" local="3577254691" remote="3577254691" Dst="-1" /><file name="Roboto-Bold.eot" server="Macintosh HD/Users/bessghaiernarjess/Master-site/www/" local="3577254691" remote="-4611830377290886365" Dst="-1" /><file name="Roboto-Bold.ttf" server="Macintosh HD/Users/bessghaiernarjess/Master-site/www/" local="3577254691" remote="-4611830377290886365" Dst="-1" /><file name="Roboto-Bold.woff" server="Macintosh HD/Users/bessghaiernarjess/Master-site/www/" local="3577254691" remote="-4611830377290886365" Dst="-1" /><file name="Roboto-Bold.woff2" server="Macintosh HD/Users/bessghaiernarjess/Master-site/www/" local="3577254691" remote="-4611830377290886365" Dst="-1" /><file name="Roboto-Light.eot" server="Macintosh HD/Users/bessghaiernarjess/Master-site/www/" local="3577254691" remote="-4611830377290886365" Dst="-1" /><file name="Roboto-Light.ttf" server="Macintosh HD/Users/bessghaiernarjess/Master-site/www/" local="3577254691" remote="-4611830377290886365" Dst="-1" /><file name="Roboto-Light.woff" server="Macintosh HD/Users/bessghaiernarjess/Master-site/www/" local="3577254692" remote="-4611830377290886364" Dst="-1" /><file name="Roboto-Light.woff2" server="Macintosh HD/Users/bessghaiernarjess/Master-site/www/" local="3577254692" remote="-4611830377290886364" Dst="-1" /><file name="Roboto-Medium.eot" server="Macintosh HD/Users/bessghaiernarjess/Master-site/www/" local="3577254692" remote="-4611830377290886364" Dst="-1" /><file name="Roboto-Medium.ttf" server="Macintosh HD/Users/bessghaiernarjess/Master-site/www/" local="3577254692" remote="-4611830377290886364" Dst="-1" /><file name="Roboto-Medium.woff" server="Macintosh HD/Users/bessghaiernarjess/Master-site/www/" local="3577254692" remote="-4611830377290886364" Dst="-1" /><file name="Roboto-Medium.woff2" server="Macintosh HD/Users/bessghaiernarjess/Master-site/www/" local="3577254692" remote="-4611830377290886364" Dst="-1" /><file name="Roboto-Regular.eot" server="Macintosh HD/Users/bessghaiernarjess/Master-site/www/" local="3577254692" remote="-4611830377290886364" Dst="-1" /><file name="Roboto-Regular.ttf" server="Macintosh HD/Users/bessghaiernarjess/Master-site/www/" local="3577254692" remote="-4611830377290886364" Dst="-1" /><file name="Roboto-Regular.woff" server="Macintosh HD/Users/bessghaiernarjess/Master-site/www/" local="3577254692" remote="-4611830377290886364" Dst="-1" /><file name="Roboto-Regular.woff2" server="Macintosh HD/Users/bessghaiernarjess/Master-site/www/" local="3577254692" remote="-4611830377290886364" Dst="-1" /><file name="Roboto-Thin.eot" server="Macintosh HD/Users/bessghaiernarjess/Master-site/www/" local="3577254692" remote="-4611830377290886364" Dst="-1" /><file name="Roboto-Thin.ttf" server="Macintosh HD/Users/bessghaiernarjess/Master-site/www/" local="3577254692" remote="-4611830377290886364" Dst="-1" /><file name="Roboto-Thin.woff" server="Macintosh HD/Users/bessghaiernarjess/Master-site/www/" local="3577254692" remote="-4611830377290886364" Dst="-1" /><file name="Roboto-Thin.woff2" server="Macintosh HD/Users/bessghaiernarjess/Master-site/www/" local="3577254692" remote="-4611830377290886364" Dst="-1" /><file name="Roboto-Bold.eot" server="Macintosh HD/Users/bessghaiernarjess/Sites/www/plugin-site/" local="3577254691" remote="-4611830377290886365" Dst="-1" /><file name="Roboto-Bold.ttf" server="Macintosh HD/Users/bessghaiernarjess/Sites/www/plugin-site/" local="3577254691" remote="-4611830377290886365" Dst="-1" /><file name="Roboto-Bold.woff" server="Macintosh HD/Users/bessghaiernarjess/Sites/www/plugin-site/" local="3577254691" remote="-4611830377290886365" Dst="-1" /><file name="Roboto-Bold.woff2" server="Macintosh HD/Users/bessghaiernarjess/Sites/www/plugin-site/" local="3577254691" remote="-4611830377290886365" Dst="-1" /><file name="Roboto-Light.eot" server="Macintosh HD/Users/bessghaiernarjess/Sites/www/plugin-site/" local="3577254691" remote="-4611830377290886365" Dst="-1" /><file name="Roboto-Light.ttf" server="Macintosh HD/Users/bessghaiernarjess/Sites/www/plugin-site/" local="3577254691" remote="-4611830377290886365" Dst="-1" /><file name="Roboto-Light.woff" server="Macintosh HD/Users/bessghaiernarjess/Sites/www/plugin-site/" local="3577254692" remote="-4611830377290886364" Dst="-1" /><file name="Roboto-Light.woff2" server="Macintosh HD/Users/bessghaiernarjess/Sites/www/plugin-site/" local="3577254692" remote="-4611830377290886364" Dst="-1" /><file name="Roboto-Medium.eot" server="Macintosh HD/Users/bessghaiernarjess/Sites/www/plugin-site/" local="3577254692" remote="-4611830377290886364" Dst="-1" /><file name="Roboto-Medium.ttf" server="Macintosh HD/Users/bessghaiernarjess/Sites/www/plugin-site/" local="3577254692" remote="-4611830377290886364" Dst="-1" /><file name="Roboto-Medium.woff" server="Macintosh HD/Users/bessghaiernarjess/Sites/www/plugin-site/" local="3577254692" remote="-4611830377290886364" Dst="-1" /><file name="Roboto-Medium.woff2" server="Macintosh HD/Users/bessghaiernarjess/Sites/www/plugin-site/" local="3577254692" remote="-4611830377290886364" Dst="-1" /><file name="Roboto-Regular.eot" server="Macintosh HD/Users/bessghaiernarjess/Sites/www/plugin-site/" local="3577254692" remote="-4611830377290886364" Dst="-1" /><file name="Roboto-Regular.ttf" server="Macintosh HD/Users/bessghaiernarjess/Sites/www/plugin-site/" local="3577254692" remote="-4611830377290886364" Dst="-1" /><file name="Roboto-Regular.woff" server="Macintosh HD/Users/bessghaiernarjess/Sites/www/plugin-site/" local="3577254692" remote="-4611830377290886364" Dst="-1" /><file name="Roboto-Regular.woff2" server="Macintosh HD/Users/bessghaiernarjess/Sites/www/plugin-site/" local="3577254692" remote="-4611830377290886364" Dst="-1" /><file name="Roboto-Thin.eot" server="Macintosh HD/Users/bessghaiernarjess/Sites/www/plugin-site/" local="3577254692" remote="-4611830377290886364" Dst="-1" /><file name="Roboto-Thin.ttf" server="Macintosh HD/Users/bessghaiernarjess/Sites/www/plugin-site/" local="3577254692" remote="-4611830377290886364" Dst="-1" /><file name="Roboto-Thin.woff" server="Macintosh HD/Users/bessghaiernarjess/Sites/www/plugin-site/" local="3577254692" remote="-4611830377290886364" Dst="-1" /><file name="Roboto-Thin.woff2" server="Macintosh HD/Users/bessghaiernarjess/Sites/www/plugin-site/" local="3577254692" remote="-4611830377290886364" Dst="-1" /></dwsync>