<?xml version="1.0" encoding="utf-8" ?><dwsync><file name="README.md" server="Macintosh HD/Applications/MAMP/htdocs/master-site/" local="3577254693" remote="3577254693" Dst="-1" /><file name="LICENSE" server="Macintosh HD/Applications/MAMP/htdocs/master-site/" local="3577254693" remote="3577254693" Dst="-1" /><file name=".DS_Store" server="Macintosh HD/Users/bessghaiernarjess/Master-site/www/" local="3577254691" remote="-4611784197802519773" Dst="-1" /><file name="LICENSE" server="Macintosh HD/Users/bessghaiernarjess/Master-site/www/" local="3577254693" remote="-4611784197802519771" Dst="-1" /><file name="README.md" server="Macintosh HD/Users/bessghaiernarjess/Master-site/www/" local="3577254693" remote="-4611784197802519771" Dst="-1" /><file name=".DS_Store" server="Macintosh HD/Users/bessghaiernarjess/Sites/www/plugin-site/" local="3577254691" remote="-4611784197802519773" Dst="-1" /><file name="LICENSE" server="Macintosh HD/Users/bessghaiernarjess/Sites/www/plugin-site/" local="3577254693" remote="-4611784197802519771" Dst="-1" /><file name="README.md" server="Macintosh HD/Users/bessghaiernarjess/Sites/www/plugin-site/" local="3577254693" remote="-4611784197802519771" Dst="-1" /></dwsync>