<?xml version="1.0" encoding="utf-8" ?><dwsync><file name="style_sheet.css" server="Macintosh HD/Users/bessghaiernarjess/Documents/Master-Thesis-2017/Plugin-Developement/Master-Site/" local="3577794944" remote="-8996256447587102336" Dst="-1" /><file name="MaterialIcons-Regular.ttf" server="Macintosh HD/Applications/MAMP/htdocs/master-site/" local="3577254690" remote="3577254690" Dst="-1" /><file name="Icon_Style" server="Macintosh HD/Applications/MAMP/htdocs/master-site/" local="3577254690" remote="3577254690" Dst="-1" /><file name="MaterialIcons-Regular-2.woff2" server="Macintosh HD/Applications/MAMP/htdocs/master-site/" local="3577254690" remote="3577254690" Dst="-1" /><file name="style_sheet.css" server="Macintosh HD/Applications/MAMP/htdocs/master-site/" local="3577794944" remote="3577794944" Dst="-1" /><file name=".DS_Store" server="Macintosh HD/Users/bessghaiernarjess/Master-site/www/" local="3577254690" remote="-4611784197802519774" Dst="-1" /><file name="Icon_Style" server="Macintosh HD/Users/bessghaiernarjess/Master-site/www/" local="3577254690" remote="-4611784197802519774" Dst="-1" /><file name="MaterialIcons-Regular-2.woff2" server="Macintosh HD/Users/bessghaiernarjess/Master-site/www/" local="3577254690" remote="-4611784197802519774" Dst="-1" /><file name="MaterialIcons-Regular.ttf" server="Macintosh HD/Users/bessghaiernarjess/Master-site/www/" local="3577254690" remote="-4611784197802519774" Dst="-1" /><file name="style_sheet.css" server="Macintosh HD/Users/bessghaiernarjess/Master-site/www/" local="3577794944" remote="-4611784197801979520" Dst="-1" /><file name=".DS_Store" server="Macintosh HD/Users/bessghaiernarjess/Sites/www/plugin-site/" local="3577254690" remote="-4611784197802519774" Dst="-1" /><file name="Icon_Style" server="Macintosh HD/Users/bessghaiernarjess/Sites/www/plugin-site/" local="3577254690" remote="-4611784197802519774" Dst="-1" /><file name="MaterialIcons-Regular-2.woff2" server="Macintosh HD/Users/bessghaiernarjess/Sites/www/plugin-site/" local="3577254690" remote="-4611784197802519774" Dst="-1" /><file name="MaterialIcons-Regular.ttf" server="Macintosh HD/Users/bessghaiernarjess/Sites/www/plugin-site/" local="3577254690" remote="-4611784197802519774" Dst="-1" /><file name="style_sheet.css" server="Macintosh HD/Users/bessghaiernarjess/Sites/www/plugin-site/" local="3577794944" remote="-4611784197801979520" Dst="-1" /></dwsync>