<?xml version="1.0" encoding="utf-8" ?><dwsync><file name="logo.png" server="Macintosh HD/Users/bessghaiernarjess/Documents/Master-Thesis-2017/Plugin-Developement/Master-Site/" local="3577255854" remote="-4960545712720275538" Dst="-1" /><file name="card.png" server="Macintosh HD/Applications/MAMP/htdocs/master-site/" local="3577267608" remote="3577267608" Dst="-1" /><file name="logo.png" server="Macintosh HD/Applications/MAMP/htdocs/master-site/" local="3577255854" remote="3577255854" Dst="-1" /><file name=".DS_Store" server="Macintosh HD/Users/bessghaiernarjess/Master-site/www/" local="3577267661" remote="-4611784197802506803" Dst="-1" /><file name="card.png" server="Macintosh HD/Users/bessghaiernarjess/Master-site/www/" local="3577267608" remote="-4611784197802506856" Dst="-1" /><file name="logo.png" server="Macintosh HD/Users/bessghaiernarjess/Master-site/www/" local="3577255854" remote="-4611784197802518610" Dst="-1" /><file name=".DS_Store" server="Macintosh HD/Users/bessghaiernarjess/Sites/www/plugin-site/" local="3577267661" remote="-4611784197802506803" Dst="-1" /><file name="card.png" server="Macintosh HD/Users/bessghaiernarjess/Sites/www/plugin-site/" local="3577267608" remote="-4611784197802506856" Dst="-1" /><file name="logo.png" server="Macintosh HD/Users/bessghaiernarjess/Sites/www/plugin-site/" local="3577255854" remote="-4611784197802518610" Dst="-1" /></dwsync>