<?xml version="1.0" encoding="utf-8" ?><dwsync><file name="material.min.css.map" server="Macintosh HD/Applications/MAMP/htdocs/master-site/" local="3577254694" remote="3577254694" Dst="-1" /><file name="material.min.js.map" server="Macintosh HD/Applications/MAMP/htdocs/master-site/" local="3577254694" remote="3577254694" Dst="-1" /><file name="material.css" server="Macintosh HD/Applications/MAMP/htdocs/master-site/" local="3577254693" remote="3577254693" Dst="-1" /><file name="material.js" server="Macintosh HD/Applications/MAMP/htdocs/master-site/" local="3577254693" remote="3577254693" Dst="-1" /><file name="material.min.css" server="Macintosh HD/Applications/MAMP/htdocs/master-site/" local="3577254694" remote="3577254694" Dst="-1" /><file name="material.min.js" server="Macintosh HD/Applications/MAMP/htdocs/master-site/" local="3577254694" remote="3577254694" Dst="-1" /><file name="LICENSE" server="Macintosh HD/Applications/MAMP/htdocs/master-site/" local="3577254693" remote="3577254693" Dst="-1" /><file name="package.json" server="Macintosh HD/Applications/MAMP/htdocs/master-site/" local="3577254694" remote="3577254694" Dst="-1" /><file name="bower.json" server="Macintosh HD/Applications/MAMP/htdocs/master-site/" local="3577254693" remote="3577254693" Dst="-1" /><file name="bower.json" server="Macintosh HD/Users/bessghaiernarjess/Master-site/www/" local="3577254693" remote="-4611784197802519771" Dst="-1" /><file name="LICENSE" server="Macintosh HD/Users/bessghaiernarjess/Master-site/www/" local="3577254693" remote="-4611784197802519771" Dst="-1" /><file name="material.css" server="Macintosh HD/Users/bessghaiernarjess/Master-site/www/" local="3577254693" remote="-4611784197802519771" Dst="-1" /><file name="material.js" server="Macintosh HD/Users/bessghaiernarjess/Master-site/www/" local="3577254693" remote="-4611784197802519771" Dst="-1" /><file name="material.min.css" server="Macintosh HD/Users/bessghaiernarjess/Master-site/www/" local="3577254694" remote="-4611784197802519770" Dst="-1" /><file name="material.min.css.map" server="Macintosh HD/Users/bessghaiernarjess/Master-site/www/" local="3577254694" remote="-4611784197802519770" Dst="-1" /><file name="material.min.js" server="Macintosh HD/Users/bessghaiernarjess/Master-site/www/" local="3577254694" remote="-4611784197802519770" Dst="-1" /><file name="material.min.js.map" server="Macintosh HD/Users/bessghaiernarjess/Master-site/www/" local="3577254694" remote="-4611784197802519770" Dst="-1" /><file name="package.json" server="Macintosh HD/Users/bessghaiernarjess/Master-site/www/" local="3577254694" remote="-4611784197802519770" Dst="-1" /><file name="bower.json" server="Macintosh HD/Users/bessghaiernarjess/Sites/www/plugin-site/" local="3577254693" remote="-4611784197802519771" Dst="-1" /><file name="LICENSE" server="Macintosh HD/Users/bessghaiernarjess/Sites/www/plugin-site/" local="3577254693" remote="-4611784197802519771" Dst="-1" /><file name="material.css" server="Macintosh HD/Users/bessghaiernarjess/Sites/www/plugin-site/" local="3577254693" remote="-4611784197802519771" Dst="-1" /><file name="material.js" server="Macintosh HD/Users/bessghaiernarjess/Sites/www/plugin-site/" local="3577254693" remote="-4611784197802519771" Dst="-1" /><file name="material.min.css" server="Macintosh HD/Users/bessghaiernarjess/Sites/www/plugin-site/" local="3577254694" remote="-4611784197802519770" Dst="-1" /><file name="material.min.css.map" server="Macintosh HD/Users/bessghaiernarjess/Sites/www/plugin-site/" local="3577254694" remote="-4611784197802519770" Dst="-1" /><file name="material.min.js" server="Macintosh HD/Users/bessghaiernarjess/Sites/www/plugin-site/" local="3577254694" remote="-4611784197802519770" Dst="-1" /><file name="material.min.js.map" server="Macintosh HD/Users/bessghaiernarjess/Sites/www/plugin-site/" local="3577254694" remote="-4611784197802519770" Dst="-1" /><file name="package.json" server="Macintosh HD/Users/bessghaiernarjess/Sites/www/plugin-site/" local="3577254694" remote="-4611784197802519770" Dst="-1" /></dwsync>